sample_id,elapsed_s,time_label,sensory_label,nh3_ppm,h2s_ppm,temperature,humidity,pressure,gas_resistance,s_nh3,s_h2s,s_bme,i_nh3,i_h2s,i_bme,note,nh3_delta,h2s_delta,gas_drop_pct
pork20C_G24,0.000,early_spoilage,slight_sour,5.98,0,20.2,46.5,989.6,26244,2,0,9,0,0,6,,5.940,0.0,74.321
pork20C_G24,0.712,early_spoilage,slight_sour,5.85,0,20.2,46.5,989.6,26267,2,0,9,0,0,6,,5.810,0.0,74.299
pork20C_G24,1.440,early_spoilage,slight_sour,5.84,0,20.1,46.5,989.6,26250,2,0,9,0,0,6,,5.800,0.0,74.316
pork20C_G24,2.077,early_spoilage,slight_sour,5.87,0,20.1,46.6,989.6,26392,2,0,9,0,0,6,,5.830,0.0,74.177
pork20C_G24,2.861,early_spoilage,slight_sour,5.78,0,20.1,46.7,989.6,26601,2,0,9,0,0,6,,5.740,0.0,73.972
pork20C_G24,3.601,early_spoilage,slight_sour,5.81,0,20.1,46.7,989.6,26761,2,0,9,0,0,6,,5.770,0.0,73.816
pork20C_G24,4.357,early_spoilage,slight_sour,5.69,0,20.1,46.8,989.6,26661,2,0,9,0,0,6,,5.650,0.0,73.913
pork20C_G24,5.205,early_spoilage,slight_sour,5.62,0,20.2,46.8,989.6,26625,2,0,9,0,0,6,,5.580,0.0,73.949
pork20C_G24,5.879,early_spoilage,slight_sour,5.48,0,20.1,46.9,989.6,26706,2,0,9,0,0,6,,5.440,0.0,73.869
pork20C_G24,6.486,early_spoilage,slight_sour,5.59,0,20.2,46.9,989.6,26822,2,0,9,0,0,6,,5.550,0.0,73.756
pork20C_G24,7.210,early_spoilage,slight_sour,5.47,0,20.2,47.0,989.6,26923,2,0,9,0,0,6,,5.430,0.0,73.657
pork20C_G24,7.961,early_spoilage,slight_sour,5.40,0,20.2,47.1,989.6,26943,2,0,9,0,0,6,,5.360,0.0,73.637
pork20C_G24,8.863,early_spoilage,slight_sour,5.37,0,20.2,47.2,989.6,27042,2,0,9,0,0,6,,5.330,0.0,73.541
pork20C_G24,9.813,early_spoilage,slight_sour,5.42,0,20.2,47.2,989.6,26924,2,0,9,0,0,6,,5.380,0.0,73.656
pork20C_G24,10.403,early_spoilage,slight_sour,5.59,0,20.1,47.2,989.6,26998,2,0,9,0,0,6,,5.550,0.0,73.584
pork20C_G24,11.143,early_spoilage,slight_sour,5.49,0,20.2,47.5,989.6,27016,2,0,9,0,0,6,,5.450,0.0,73.566
pork20C_G24,11.882,early_spoilage,slight_sour,5.64,0,20.2,47.5,989.6,27013,2,0,9,0,0,6,,5.600,0.0,73.569
pork20C_G24,12.700,early_spoilage,slight_sour,5.56,0,20.3,47.7,989.6,26881,2,0,9,0,0,6,,5.520,0.0,73.698
pork20C_G24,13.686,early_spoilage,slight_sour,5.43,0,20.2,47.6,989.6,26871,2,0,9,0,0,6,,5.390,0.0,73.708
pork20C_G24,14.404,early_spoilage,slight_sour,5.45,0,20.2,47.6,989.6,26802,2,0,9,0,0,6,,5.410,0.0,73.775
pork20C_G24,15.171,early_spoilage,slight_sour,5.48,0,20.2,47.8,989.6,26679,2,0,9,0,0,6,,5.440,0.0,73.896
pork20C_G24,15.894,early_spoilage,slight_sour,5.38,0,20.2,47.9,989.6,26503,2,0,9,0,0,7,,5.340,0.0,74.068
pork20C_G24,16.640,early_spoilage,slight_sour,5.57,0,20.2,47.9,989.6,26420,2,0,9,0,0,6,,5.530,0.0,74.149
pork20C_G24,17.385,early_spoilage,slight_sour,5.53,0,20.2,47.9,989.6,26170,2,0,9,0,0,7,,5.490,0.0,74.394
pork20C_G24,18.335,early_spoilage,slight_sour,5.34,0,20.1,47.9,989.6,26021,2,0,9,0,0,7,,5.300,0.0,74.540
pork20C_G24,19.048,early_spoilage,slight_sour,5.40,0,20.2,47.9,989.6,25842,2,0,9,0,0,7,,5.360,0.0,74.715
pork20C_G24,19.763,early_spoilage,slight_sour,5.45,0,20.2,48.0,989.6,25761,2,0,9,0,0,7,,5.410,0.0,74.794
pork20C_G24,20.587,early_spoilage,slight_sour,5.46,0,20.3,48.0,989.6,25551,2,0,9,0,0,7,,5.420,0.0,75.000
pork20C_G24,21.311,early_spoilage,slight_sour,5.35,0,20.2,48.1,989.6,25366,2,0,9,0,0,7,,5.310,0.0,75.181
pork20C_G24,21.960,early_spoilage,slight_sour,5.39,0,20.2,48.1,989.6,25199,2,0,9,0,0,7,,5.350,0.0,75.344
pork20C_G24,22.666,early_spoilage,slight_sour,5.42,0,20.2,48.1,989.6,24975,2,0,9,0,0,7,,5.380,0.0,75.563
pork20C_G24,23.370,early_spoilage,slight_sour,5.42,0,20.1,48.2,989.6,24708,2,0,9,0,0,7,,5.380,0.0,75.824
pork20C_G24,24.127,early_spoilage,slight_sour,5.35,0,20.2,48.2,989.6,24431,2,0,9,0,0,7,,5.310,0.0,76.095
pork20C_G24,25.061,early_spoilage,slight_sour,5.47,0,20.2,48.2,989.6,24196,2,0,9,0,0,7,,5.430,0.0,76.325
pork20C_G24,25.746,early_spoilage,slight_sour,5.22,0,20.2,48.2,989.6,24011,2,0,9,0,0,7,,5.180,0.0,76.506
pork20C_G24,26.730,early_spoilage,slight_sour,5.19,0,20.2,48.3,989.6,23675,2,0,9,0,0,7,,5.150,0.0,76.835
pork20C_G24,27.470,early_spoilage,slight_sour,5.36,0,20.2,48.3,989.6,23323,2,0,9,0,0,7,,5.320,0.0,77.180
pork20C_G24,28.225,early_spoilage,slight_sour,5.21,0,20.2,48.2,989.6,23163,2,0,9,0,0,7,,5.170,0.0,77.336
pork20C_G24,29.054,early_spoilage,slight_sour,5.18,0,20.1,48.2,989.6,22930,2,0,9,0,0,7,,5.140,0.0,77.564
pork20C_G24,29.841,early_spoilage,slight_sour,5.24,0,20.2,48.3,989.6,22760,2,0,9,0,0,7,,5.200,0.0,77.730
pork20C_G24,30.522,early_spoilage,slight_sour,5.27,0,20.1,48.2,989.6,22594,2,0,9,0,0,7,,5.230,0.0,77.893
pork20C_G24,31.304,early_spoilage,slight_sour,5.26,0,20.2,48.3,989.7,22406,2,0,9,0,0,7,,5.220,0.0,78.077
pork20C_G24,32.062,early_spoilage,slight_sour,5.42,0,20.2,48.2,989.6,22397,2,0,9,0,0,7,,5.380,0.0,78.086
pork20C_G24,32.870,early_spoilage,slight_sour,5.31,0,20.3,48.2,989.6,22252,2,0,9,0,0,7,,5.270,0.0,78.227
pork20C_G24,33.690,early_spoilage,slight_sour,5.28,0,20.3,48.2,989.6,22174,2,0,9,0,0,7,,5.240,0.0,78.304
pork20C_G24,34.465,early_spoilage,slight_sour,5.25,0,20.3,48.2,989.6,22000,2,0,9,0,0,7,,5.210,0.0,78.474
pork20C_G24,35.219,early_spoilage,slight_sour,5.29,0,20.3,48.1,989.6,21802,2,0,9,0,0,7,,5.250,0.0,78.668
pork20C_G24,35.950,early_spoilage,slight_sour,5.31,0,20.3,48.1,989.6,21615,2,0,9,0,0,7,,5.270,0.0,78.851
pork20C_G24,36.670,early_spoilage,slight_sour,5.38,0,20.3,48.0,989.7,21409,2,0,9,0,0,7,,5.340,0.0,79.052
pork20C_G24,37.545,early_spoilage,slight_sour,5.35,0,20.3,48.0,989.7,21366,2,0,9,0,0,7,,5.310,0.0,79.094
pork20C_G24,38.417,early_spoilage,slight_sour,5.36,0,20.3,48.1,989.6,21251,2,0,9,0,0,7,,5.320,0.0,79.207
pork20C_G24,39.088,early_spoilage,slight_sour,5.51,0,20.2,48.2,989.6,21153,2,0,9,0,0,7,,5.470,0.0,79.303
pork20C_G24,39.864,early_spoilage,slight_sour,5.44,0,20.2,48.1,989.6,21237,2,0,9,0,0,7,,5.400,0.0,79.221
pork20C_G24,40.563,early_spoilage,slight_sour,5.23,0,20.2,48.0,989.6,21083,2,0,9,0,0,7,,5.190,0.0,79.371
pork20C_G24,41.643,early_spoilage,slight_sour,5.19,0,20.3,48.0,989.6,21051,2,0,9,0,0,7,,5.150,0.0,79.403
pork20C_G24,42.434,early_spoilage,slight_sour,5.28,0,20.3,48.1,989.6,21022,2,0,9,0,0,7,,5.240,0.0,79.431
pork20C_G24,43.165,early_spoilage,slight_sour,5.22,0,20.3,48.0,989.6,20880,2,0,9,0,0,7,,5.180,0.0,79.570
pork20C_G24,43.957,early_spoilage,slight_sour,5.19,0,20.2,48.1,989.6,20790,2,0,9,0,0,7,,5.150,0.0,79.658
pork20C_G24,44.876,early_spoilage,slight_sour,5.23,0,20.2,48.1,989.6,20639,2,0,9,0,0,7,,5.190,0.0,79.806
pork20C_G24,45.785,early_spoilage,slight_sour,5.05,0,20.2,48.1,989.6,20680,2,0,9,0,0,7,,5.010,0.0,79.766
pork20C_G24,46.535,early_spoilage,slight_sour,5.21,0,20.2,48.1,989.6,20464,2,0,9,0,0,7,,5.170,0.0,79.977
pork20C_G24,47.250,early_spoilage,slight_sour,5.12,0,20.2,48.0,989.6,20441,2,0,9,0,0,7,,5.080,0.0,79.999
pork20C_G24,48.184,early_spoilage,slight_sour,5.14,0,20.2,47.9,989.6,20293,2,0,9,0,0,7,,5.100,0.0,80.144
pork20C_G24,48.991,early_spoilage,slight_sour,5.29,0,20.2,48.0,989.6,20378,2,0,9,0,0,7,,5.250,0.0,80.061
pork20C_G24,49.710,early_spoilage,slight_sour,5.34,0,20.2,48.1,989.6,20266,2,0,9,0,0,7,,5.300,0.0,80.171
pork20C_G24,50.380,early_spoilage,slight_sour,5.19,0,20.2,48.1,989.6,20210,2,0,9,0,0,7,,5.150,0.0,80.225
pork20C_G24,51.315,early_spoilage,slight_sour,5.18,0,20.2,48.1,989.6,20189,2,0,9,0,0,7,,5.140,0.0,80.246
pork20C_G24,52.079,early_spoilage,slight_sour,5.13,0,20.1,48.2,989.6,20093,2,0,9,0,0,7,,5.090,0.0,80.340
pork20C_G24,52.928,early_spoilage,slight_sour,5.25,0,20.2,48.1,989.6,20086,2,0,9,0,0,7,,5.210,0.0,80.347
pork20C_G24,53.694,early_spoilage,slight_sour,5.31,0,20.2,48.1,989.6,20066,2,0,9,0,0,7,,5.270,0.0,80.366
pork20C_G24,54.415,early_spoilage,slight_sour,5.20,0,20.2,48.2,989.6,20234,2,0,9,0,0,7,,5.160,0.0,80.202
pork20C_G24,55.277,early_spoilage,slight_sour,5.27,0,20.2,48.2,989.6,20044,2,0,9,0,0,7,,5.230,0.0,80.388
pork20C_G24,56.068,early_spoilage,slight_sour,5.35,0,20.3,48.4,989.6,19985,2,0,9,0,0,7,,5.310,0.0,80.446
pork20C_G24,56.835,early_spoilage,slight_sour,5.38,0,20.3,48.4,989.6,19958,2,0,9,0,0,7,,5.340,0.0,80.472
pork20C_G24,57.567,early_spoilage,slight_sour,5.29,0,20.2,48.5,989.6,19974,2,0,9,0,0,7,,5.250,0.0,80.456
pork20C_G24,58.297,early_spoilage,slight_sour,5.38,0,20.2,48.6,989.6,19945,2,0,9,0,0,7,,5.340,0.0,80.485
pork20C_G24,58.948,early_spoilage,slight_sour,5.27,0,20.2,48.6,989.6,19933,2,0,9,0,0,7,,5.230,0.0,80.496
pork20C_G24,59.728,early_spoilage,slight_sour,5.37,0,20.2,48.7,989.6,19787,2,0,9,0,0,7,,5.330,0.0,80.639
